strain,WBGene00000367,WBGene00001171,WBGene00001187,WBGene00001202,WBGene00002149,WBGene00002235,WBGene00002242,WBGene00003558,WBGene00004830,WBGene00004831,WBGene00006742,WBGene00007176,WBGene00014261,WBGene00022240
AB1,7.475763227638117,6.609741266406939,8.010940830779845,6.909116268905251,6.366323858040786,7.24768719623099,6.476094329815018,6.91287226775468,7.290050652389986,7.7986075796882774,7.98281543024627,6.8605082019268036,7.286336845467064,6.720812313411873
BRC20067,7.848046500815078,6.766599063864459,8.226541397006908,6.800057625946721,6.4592515811239295,7.241994509309404,6.701578127941353,6.776527200235113,7.422236924205335,7.965283998756869,7.86364706786495,7.183942397933886,7.352432931393182,6.704423714609815
BRC20263,7.790544436839173,6.789677085199708,8.183861332968613,6.882219461199134,6.483707710108245,7.298757931264218,6.62890475320205,6.828404907889697,7.363147726177198,7.838929566256114,7.715314869708139,6.953344116429699,7.382198167539741,6.650397741409108
CB4852,8.408436629721418,6.733109146852484,8.767439732230649,7.222220809867824,6.604252690989129,7.403303449667857,6.948105529560634,6.944514274043097,8.036117492774713,8.414580115885574,8.284995705566944,7.313352710381688,7.82586827317831,7.095562047116323
CB4855,7.534205412939367,6.665985851596899,8.201898337466135,6.868785250777632,6.3861042534826105,7.03570425546793,6.574071577646581,6.806538730834416,7.366461524697121,7.829859119131519,7.567930989761194,6.969266583095131,7.194280786513662,6.6677355611218205
CB4856,7.818652391692338,6.679491029555676,7.918287427147878,6.66631012891195,6.3734619145760005,7.146633491189073,6.664696458561255,6.705615746574282,7.385080221502581,7.726173686478018,7.653919623033439,6.9617034872968,7.4154292849668355,6.546083051228531
CB4857,8.423336445042565,6.967667995291886,8.851986424427041,7.152402236671364,6.547302252652952,7.3731927036193055,6.894063695138335,6.919289463501924,8.079250175380746,8.4429837356728,8.361969243869334,7.365999985443238,7.842146382374578,7.09843356382197
CB4858,7.858011671229617,6.624385137752362,8.059756840963537,6.9814655486964075,6.394184378875419,7.1431788865288715,6.676347020809011,6.660191020729941,7.584161956526597,7.869237940932,7.823170444614104,6.948640570747684,7.425511690943691,6.695029772063407
CX11254,8.67601719621707,7.136494475903257,9.288013358941164,7.034449270249766,6.797102162070123,7.8946369454023255,6.888224960460727,7.808008725122694,8.336407298687638,8.75744966531292,8.707872976099559,7.612540724984248,7.743979538736841,7.2523463356369735
CX11262,7.951381370842155,6.855438564624611,8.494597068795489,7.020771508729667,6.495288007920829,7.4358840447781365,6.743391592579461,7.032744979055468,7.807468298139374,8.33735342112285,8.0699276908536,7.297781127891991,7.508888862119106,6.936664335217677
CX11264,8.340920962345725,6.949624012547151,8.891958669340672,7.120226638909841,6.472721802982795,7.385699860504492,6.900146276362582,7.019093434111447,7.9307301417764,8.443802140553961,8.34216232535323,7.275572526766773,7.943763239740728,7.121501220698787
CX11271,7.850787824255052,6.612956659866148,8.4235403401721,6.99754155461244,6.536373389953789,7.317239340048665,6.839916388998003,7.05143458807411,7.433842116740355,8.009554018066508,8.058350740364478,7.339987490614974,7.633266966568302,6.863113772015322
CX11276,7.632573124409166,6.673861493728819,7.97598244975738,6.821020523463236,6.482515716303889,7.254302749668685,6.483393826792477,6.810297867654543,7.2585083801367185,7.756959730650758,7.729107836154478,6.865593655777534,7.2945293808225005,6.743567332312639
CX11285,7.886528785392292,6.624017406080306,8.200575302009375,6.956215876004626,6.565846479455313,7.248384355183154,6.736469183679721,6.83944088464973,7.40470487072551,7.870312366713747,7.8682654428366146,7.1423150426648485,7.495024003098991,6.7871825042164655
CX11292,8.186366534418932,6.882146041847809,8.727927691071661,7.038506535136421,6.445497128077939,7.195224385034793,6.798193849937745,6.8825261412524705,8.007664322802807,8.383598995750168,8.193091938268317,7.4191210842594435,7.607971667681376,6.662514998921067
CX11307,8.010976233170748,6.824608308062505,8.51832384110279,7.190079372344878,6.481095916152519,7.434546125028257,6.850849593330806,7.032635942900478,7.711494046333291,8.268978537931925,8.055654700740062,7.43879186296086,7.628848809591287,6.93189949161071
CX11314,7.451707947918624,6.388592733188068,7.698541543540277,6.844913443190966,6.401806047370509,7.111004092283095,6.601135732108917,6.921109368408474,7.1543200497996144,7.519256835431449,7.6181451806404645,6.978786992353694,6.97949589831181,6.68247440021733
CX11315,8.11152616588188,6.868541404487815,8.401351851531203,7.031299533568587,6.599808719642058,7.332443835430175,6.7321215045976315,6.851278247412179,7.491856056280337,8.098339116339856,8.270891746287974,7.3891863793429176,7.570292777206705,6.787002129006071
DL200,7.914416644159775,6.526258086507847,8.187227115555824,6.953571781078261,6.533809136114109,7.205515508577192,6.605041992587934,6.8390408603931325,7.452336588548721,7.9033405838893644,7.818600855736947,7.117791860364526,7.402117895217891,6.797072388099955
DL226,7.651154120638446,6.748333240449531,7.933379022438331,6.762680725910306,6.395065093676619,7.400564267271247,6.734514541090715,6.8187626884577694,7.386655810500775,7.781044092403294,7.713752389677319,7.0199577869497976,7.433586039789376,6.724413614529288
DL238,7.836893629694657,6.786994165122183,7.878913412334474,6.866346722187726,6.38764729431115,6.931501834609749,6.509038985825593,6.863481659259403,7.295557520383037,7.9275224102544195,7.627036101351323,7.011144424882694,7.218797844070265,6.766862777462418
ECA189,7.987499939325846,6.933403178685929,8.003174867732856,7.036916926627848,6.537099167277298,7.404128622298958,6.857495557516501,6.7939402973140615,7.369332133090416,7.902201324838386,7.78626851547631,7.027811578750033,7.692933426865512,6.7639743871162725
ECA348,7.985576615137421,6.899093308470376,8.325242643539394,7.0619771669651525,6.43325180497688,7.111628145678097,6.773258179963057,6.808752701857203,7.612014035908459,7.945181206419117,7.900930889064992,7.265278944113349,7.465987843428244,6.769103010319011
ECA349,8.199475724455787,6.6945202205211105,9.002175433923822,7.170180251511478,6.546207622681422,7.325838890718023,6.911123763335786,6.978898852236694,8.046950901650378,8.443612467261262,8.38444184681395,7.305173578619951,8.045607883403934,7.010716400158828
ECA363,8.309494090046389,6.81541023804616,8.820219253696324,7.100544634374214,6.722321894567521,7.385452415115335,6.862492202833743,7.02198410113947,7.936147759886794,8.327847876340208,8.291313738013903,7.4126126235237555,7.928609334061058,7.115540399786497
ECA372,8.016273931532137,6.795511684574477,8.326276181624431,6.904101007665563,6.613483201316858,7.1316176624640315,6.718100262171062,6.958435413103435,7.50310706596297,7.860893571886096,7.927978602566961,7.2014234435019056,7.420972417116835,6.736467612896918
ECA592,7.649196831050663,6.691374937161165,8.016062480192248,6.843265888201582,6.417303806126373,7.243803794615724,6.650240685599629,6.64853388149268,7.234807308691738,7.522230393488202,7.685628778441431,6.999336064474086,7.145672084729345,6.538896969825087
ECA594,7.466851479059826,6.566626251833968,7.438259697462281,6.752290854408186,6.300465020674323,7.252750956408595,6.595185520081288,6.72907828996386,6.973963183793777,7.408793433697232,7.590030415710251,6.7948612801198,6.869573502742949,6.41012915732004
ECA703,8.020977131107763,6.867517783695448,8.383834313984943,6.881005910588316,6.568257524559592,7.608660015709541,6.961579324558376,7.002848147019552,7.864560766567621,8.141701930511129,8.05941522792316,7.264907156671239,7.576351546939003,6.873217968273439
ECA705,7.894871531283567,6.752946254222043,8.258214566128888,6.820458380909464,6.485335007057662,7.363867290025967,6.79662323872072,6.853591513254476,7.541651048685388,7.860406980571696,7.95947684996033,7.353785834053134,7.422008828150652,6.665221295491587
ECA710,7.976814411354719,6.767583135277562,8.566625003591113,7.037533686893376,6.501770698819183,7.42868518696073,6.7956775835771355,7.001888505985366,7.8915235461851525,8.240679609890929,8.058748291015275,7.3959387241240115,7.634343274224184,6.922290771695323
ECA738,7.920229116627875,6.746149201953267,8.077637773218875,6.935775177807526,6.399485723337444,7.333264918577506,6.7243263076882105,6.790282795313266,7.446437331156036,8.07397997934522,7.864756272629473,7.295129490557507,7.4914369220751675,6.793257927587986
ECA743,7.634236959264854,6.7474457923931315,8.221120240289508,6.841501845592444,6.380972207255867,7.31965617842442,6.586991302056692,6.6017507487659115,7.306397511403176,7.753154685185687,7.551046728821997,7.050060371053248,7.253894452604857,6.697474423456935
ECA745,7.959959872657406,6.751825335012964,8.134423284203361,6.9739938790006635,6.6329131735717795,7.216628151292916,6.471426981296364,6.7424343901192305,7.227061953756528,7.809767598768642,7.938280070004824,7.177186717348332,7.642826574983856,6.6773788657292386
ECA777,8.023107899034766,6.849584135178239,8.584404488410787,6.924886388525405,6.523872414215251,7.495981530699022,6.858747555565235,7.198299402658235,7.7954818790768785,8.04024948812279,8.151191633375783,7.188675894704717,7.331921931829775,6.874093330085452
ECA812,8.343296378474978,7.009972406844036,8.899982944527865,7.154212413715046,6.633597731644258,7.593300522616842,7.111287730264878,7.1493342240921685,8.080181136912994,8.48608733979988,8.5604564128161,7.635737297689765,7.892310066339143,7.158953257059604
ECA923,7.896389780922823,6.839208235533054,8.007763911582542,6.752469707766846,6.485922912014107,7.311379445697498,6.798252143136192,6.903925211507816,7.422018382501085,7.820098960934229,7.802256796314807,7.000408599298871,7.3802199855334125,6.707896343089283
ED3005,7.812722223400791,6.725804563563625,8.221379593235794,6.927720007093316,6.393870820807395,7.188141638887291,6.666789838028015,6.825261536805105,7.43344865799481,7.985533998135195,7.949123279601221,7.020283196245104,7.271137012675525,6.718968950054941
ED3012,8.183674799383134,6.80871546116891,8.679696217799965,6.993195713124177,6.635074533188752,7.426137289304786,6.947982011664829,7.1170667746932805,7.992069842630465,8.51077539430036,8.407025350742597,7.328824018747297,8.060417317945763,7.112297924510393
ED3017,7.4330443964886195,6.587268901700388,7.811862705923998,6.82743151331385,6.549235290138398,7.327288253069741,6.4984567599457925,6.762010193184385,7.148462196651132,7.606749266098181,7.6231617728921615,6.940700905898075,7.06625624413186,6.559971340049569
ED3040,7.734697681937657,6.607603634508632,8.301373381431631,6.866656577821612,6.513044914599337,7.111302414564741,6.741705802162249,6.862596048440894,7.267107473793397,7.766182103792079,7.731053115509202,7.023314971948136,7.426991321536023,6.707506397359532
ED3048,7.692566480392641,6.636973812890733,8.13449085066468,6.871523716636063,6.501138284099526,7.09255028268558,6.607638232348949,6.838240710107004,7.429696330905676,7.660010888925819,7.785917587572343,7.195842608048164,7.222303984658802,6.636152402531939
ED3049,7.75317546916857,6.733872504309823,8.118126179367371,6.891763318726872,6.387497973044055,7.33833589092977,6.581047058413992,6.777340726011606,7.612734268359913,7.802242357509336,7.840759280333904,7.082851547123656,7.197740955451074,6.749418183261095
ED3052,7.900138354940707,6.678416222476858,8.608244643777496,7.003108813025434,6.453731662692865,7.29500530461521,6.901688828339284,6.956068135037027,7.352403670551426,7.90760143677282,7.924439865803924,7.08648574067816,7.637969244732761,6.824943643638182
ED3073,7.696509997835029,6.616199492585068,8.153129679002076,7.020269469922284,6.481807598018138,7.282364285573392,6.663629951332809,6.839638995498012,7.424192799880874,7.763027089323032,7.8318054820629275,6.912708352343749,7.396684076638181,6.691783829277704
ED3077,7.744892030044417,6.609611150433844,8.233285152562862,6.867492938799138,6.5194637535810465,7.207368948747826,6.607896799847753,6.92946188981296,7.419490532722172,7.9226044291102315,7.8968006476475985,7.197675791899412,7.4465533813383935,6.675430384234988
EG4347,8.096203025835381,6.858144710430487,8.527658639308166,6.865704209502459,6.517525213253494,7.395796883039379,6.687940559784325,7.169147661966228,7.724058787730048,8.24402687869934,8.190266148135132,7.189860480435429,7.369501165014588,7.00945957103948
EG4724,8.601120652690335,6.9709416469181855,8.92627349995768,6.907376654240195,6.614331341719531,7.493753214271932,6.904201015123708,6.891665805134053,8.036380632691731,8.420460430783287,8.500557332456596,7.425881272931139,7.838892477703745,6.91051433963262
EG4946,8.112862604855,6.77106747558109,8.454018875212999,7.014137998436734,6.683874833944122,7.453164162876642,6.830160445870587,6.927918715906318,7.841938220441108,8.285289987297377,8.115724849382381,7.09861860290541,7.603738252675356,6.848015526020323
GXW1,8.135733531615273,7.039946670436298,8.660309392612307,7.013906774897815,6.5060742878537905,7.404682136237384,6.849733404697477,7.043707105392024,8.00351207695855,8.253567757096675,8.145520764718068,7.282811184120036,7.7273220529864854,6.923466122899571
JT11398,7.3320916898869255,6.716172666716876,7.953559176420324,6.773088278627991,6.341695166710319,7.087249200204679,6.491605180922371,6.803177002475325,7.11107448438676,7.525803198930275,7.474451564925851,6.787480191633784,6.990861043684405,6.529240128536105
JU1088,8.03216122105573,6.672569817179126,8.340166320549283,6.880294575960776,6.542917221939058,7.162546575131753,6.6822077818503285,6.905091603790061,7.562858652317147,7.9856866919575875,8.066065180695675,7.088689286954134,7.593413099647021,6.763675607208284
JU1172,7.947280893022442,6.554212978257532,8.212842446981446,6.898240901245822,6.454459160607817,7.168400011506462,6.516321268823462,6.719680046478273,7.563588008131923,7.8099076041405535,7.954664185415272,7.045901096349043,7.7124426550754945,6.762895310019485
JU1200,7.554520792439516,6.654809475604845,7.929070573509021,6.985909596077792,6.389297824412065,7.270957749021764,6.659220188911542,7.022513973246691,7.479369455750529,8.030135048254511,7.96201205061092,6.918088543370134,7.38599065470031,6.598650435878964
JU1212,7.394376274845001,6.780374676152092,7.893329036923777,6.806451048761304,6.4016484668471065,7.126222627726914,6.387460938436785,6.8626812671289885,7.13944701846636,7.819497971480703,7.737415353768043,7.0018026969286336,7.238723667783222,6.7257869363417
JU1213,7.833669492581282,6.904706302186732,8.340723078661949,7.0275323429699315,6.390080959111485,7.43719720514159,6.59249624211832,6.912006542361796,7.508878071541988,7.92373353752551,8.012329526798277,7.183500203052928,7.436800053738872,6.663405166027612
JU1242,8.186091243964967,6.648317446844613,8.502810032057981,7.09536157835923,6.628281914136111,7.331367581366799,6.863481431601263,6.992382070055877,7.601526701088568,8.29065701832153,8.073620921461634,7.233154076274174,7.76860289426987,6.998315386890708
JU1246,7.503515242121011,6.654020834794613,8.168271046674306,6.7945366876265245,6.405479186943856,7.249406906474386,6.448433013209305,6.77429887607119,7.231452172431232,7.81214586992726,7.819359798858152,7.092469009240376,7.3587705436005155,6.732868841091471
JU1395,7.922758188559277,6.88497006207722,8.38253453223289,6.939576979943346,6.454659519237835,7.472328692939853,6.747095148668859,7.061024686102662,7.815105364416897,8.094307506144261,8.076822398259752,7.189161781014888,7.502633569441501,6.876268051090181
JU1409,7.738546252748516,6.81287263502969,8.05125080498185,6.987686069437894,6.448723968536332,7.237155258709615,6.751854248840227,6.809221102033582,7.569225789286207,7.894271515679268,7.6249698014830285,7.059326660464979,7.436292328812216,6.774383998774615
JU1440,7.5029748417115085,6.522584959220747,8.038454999832092,6.784316732965241,6.333883935054688,7.036749838012017,6.575286530363582,6.8150292816670435,7.346414915013882,7.638923966444761,7.753836466487527,6.984341826481671,7.359865864808503,6.691400558941726
JU1491,8.09171927349104,6.922734256415605,8.526940990738419,6.898006166447546,6.459827431176913,7.490925429159476,6.7051514516462705,6.929695885813311,7.731360311125352,8.266859998181822,7.951087493976661,7.447039667396259,7.587581537505786,6.8026695587651975
JU1530,8.11532583776483,6.742925323684407,8.732249182789014,7.025474808417376,6.673329144438585,7.552512006315833,6.927615550681293,7.188882470303753,8.176678135467485,8.514233735278271,8.234713197254177,7.3635240517818925,8.034341588850918,7.149972354634092
JU1543,8.115632572627561,6.96798382309702,8.692341583090402,6.987562592050751,6.440906237661017,7.539563310105069,6.712535273985213,6.949596332873963,7.757118088790949,8.358971393329572,8.232249291788646,7.3909758821195055,7.512144030551593,6.953267189511258
JU1568,7.52345269725117,6.5757449494923845,7.986960274225754,6.781243499830878,6.492622603420566,7.200876848947627,6.662895628695921,6.94338233977781,7.3148762796918065,7.734481827726599,7.829686349869525,6.9790292988561,7.301609597143135,6.6898893972945865
JU1581,7.930768507016632,6.726114057920887,8.296202702621509,7.064206392344811,6.696063003519679,7.083376343864427,6.530140633011141,6.933362060419378,7.462375470164705,7.936742530483686,7.913476806846821,7.068133084239025,7.470493065084058,6.727107144897594
JU1586,8.362499783903088,7.010081378497193,8.711879516124625,7.16551587305305,6.605470418413293,7.393126247537573,6.979464564098765,7.233883638512359,7.890027450683992,8.40271826423256,8.385291990761083,7.491545484697645,7.851225707303724,7.081577484933029
JU1652,7.885689801754474,6.763745692466245,8.23068788621849,6.882878784359729,6.5748519774692715,7.350611039126718,6.615321403206074,6.963191414501657,7.465694262777777,8.025068292350944,7.932116058923398,7.162130191295261,7.426816559418703,6.898826569428468
JU1666,8.090591579362346,6.5871876457842,8.417950534354496,6.935367056683524,6.44771085605833,7.292296660995892,6.788121053866283,6.8977689965156355,7.538642088813782,8.033305476055896,8.049133983123438,7.152810198949905,7.440610762720695,6.881741716321592
JU1792,7.870535655974007,6.703641295632609,8.30209223436106,7.013679255277231,6.433747388383853,7.3608091341347786,6.891097477256743,6.825564477625047,7.699456975382986,8.146488841604558,7.936638016664225,7.177722342727383,7.576216913534336,6.939930013970255
JU1793,7.782677559061239,6.805313256334346,8.409522825447201,6.83975013664288,6.810765261032597,7.387920803590821,6.83583175012217,6.776689877059145,7.586208699878544,8.157342024106088,7.798738984036718,7.146502837654566,7.6428398083407325,6.8970388767966755
JU1808,8.0836099605964,7.071213537267489,8.895546390542616,7.03840000110913,6.496106858514696,7.493998590564216,6.842607623481659,6.907457187614996,7.772955050193427,8.398371612069367,8.106152949882741,7.343396384685826,7.476022320351427,7.037155924919041
JU1896,7.904597323080937,6.85224073485651,8.449587906822007,7.135697667209145,6.365542770684261,7.495532564271514,6.768949493348176,6.90595649509709,7.7985091724919045,8.176313144309669,7.781641426416337,7.162500712190694,7.411026435259438,6.856316432761945
JU1934,7.830447442076525,6.54264786611639,8.694725175910651,6.9917809840519975,6.547412918738057,7.187545213290891,6.499537333101713,6.754348121769366,7.613676197141733,8.05547514277407,8.076098548446543,7.245564596284849,7.648050713877121,6.837022604094336
JU2001,7.862962304667549,6.630152660766843,8.130000057728491,6.824248726728535,6.329829016103526,7.243478266019056,6.624810836838502,6.860386188142049,7.506642349166776,7.970947234781356,7.688570041774911,7.253332164304743,7.234354638709861,6.7490617835248266
JU2007,7.528490534002813,6.581783385830968,7.792777004373205,6.688286562531696,6.551812422290967,7.274295744975651,6.619427074890677,6.8532027685044765,7.283464804853867,7.609451032014609,7.734290804414258,6.962810888908346,7.298015350109896,6.64863106360965
JU2016,8.033061362407867,6.655513999840848,8.510530890888512,6.8277747177251875,6.490192013709961,7.2092650860244785,6.7584927383360975,6.998751339679672,7.66098441702873,7.9927027568508535,8.102597350224308,7.062783023855963,7.420547556078728,6.8357504192131335
JU2017,7.749058768819891,6.80756492148776,8.261229758394615,6.761926863102409,6.479233613943951,7.3021344151025405,6.551921049341149,6.682440965774013,7.399805019096487,7.791766516870667,7.701986443096723,6.9984421049257115,7.114972050602438,6.66055295898786
JU2106,7.787344326634855,6.815547676644282,8.269092691303502,6.9103103483513255,6.446203897374831,7.247464175670085,6.6378347941431315,6.965274229304401,7.52313576738286,7.937108885393432,7.979466777523181,7.121944526382841,7.346026654190446,6.793254343235947
JU2131,7.952006233881379,6.821620865647252,8.757875569126652,7.086544865575656,6.513596826476631,7.3900179715145144,6.8028875640152915,6.800369312806728,7.737536496932901,8.351024240898278,8.038126140527396,7.386574576260557,7.642447407811313,6.973030870024561
JU2141,8.002409548338202,6.648898119639721,8.868078638266555,7.0337092673241735,6.551718267740512,7.629257505055698,6.881835306062549,7.09078105750924,7.968079898390348,8.498109661965474,8.126727809197497,7.281547707873437,7.787330252291768,7.177776787233608
JU2234,8.261706469501842,6.767216677900336,8.93481989106914,7.065341431934404,6.510188771803509,7.360720039299309,6.832321797751616,7.064502005947198,8.076187431057788,8.479654158781443,8.336272480793946,7.322856025459368,7.820957497726107,6.92593138239308
JU2250,7.85634316266502,6.6941590015064865,8.27835867247329,6.945658465209042,6.4623612491712255,7.165078684916785,6.787303352214298,6.8241404720072625,7.493783338884264,8.079048923665908,7.7768072244657915,7.311175799948057,7.5976896309559026,6.788546704995474
JU2257,7.672676106922513,6.746930656636563,7.958341649005967,6.955668084693824,6.514406526379313,7.243482264408561,6.477541781234603,6.847552994102753,7.385870889398633,7.867069177016172,7.899657136857106,7.106751293306476,7.25319961960882,6.7438647499509
JU2464,7.546660973783903,6.675507048452675,8.243408478600005,7.02743453863231,6.4835532934190585,7.2625502739842815,6.636368571291499,6.831665164376725,7.457185436308899,7.946559332896017,7.668691863637107,7.085832998804688,7.295525862284348,6.770655847441211
JU2466,7.833637305312192,6.7169999161316,8.387724521066213,6.868877253447183,6.39188827824223,7.181802710561001,6.729713314349628,6.906625452445265,7.652486224154644,8.03863181685794,8.077471109884945,7.138793140692289,7.249534755633473,6.846658913108033
JU2478,7.805775998667994,6.593945103180187,7.955825888763629,6.907235561078092,6.460291834871029,7.205763240121097,6.722608278425265,6.832174254371175,7.359480608523277,7.870053400090451,7.876973217398921,7.042766185159956,7.506353029419624,6.843326118039213
JU2513,7.493291873842665,6.548609140956732,7.962945904435234,6.88158362388666,6.5035210370070455,7.191598934175547,6.487105853199435,6.896284595300013,7.17426419208455,7.632996877024227,7.72454958273628,6.851254522660517,7.069805983904849,6.6381836710946285
JU2519,8.114869478114803,6.5187854112126,8.537355721482859,7.0102510967743985,6.607308150728229,7.157964104022403,6.75188390277987,7.017532881173054,7.7101687707855655,7.944295298561417,8.029749742120316,7.251172411426623,7.743213940032555,6.973819527914837
JU2522,7.680396697008955,6.6439864462152975,8.210361026042875,6.81993164000686,6.403901446997626,7.235526562194331,6.567927709259011,6.64079516536331,7.467369554060855,7.771038656126205,7.519199969865344,7.036602540357693,7.341920276703123,6.866448490724525
JU2526,8.174364201867952,7.007521887649446,8.43418577297792,7.010581580643555,6.604956527042873,7.489437275674048,6.71212190571514,6.979379404612086,7.829968231986708,8.314925736531704,8.058979743135437,7.331011579525113,7.515866229814089,6.870381373088286
JU2534,7.632974851602808,6.547238954664645,8.066094710703611,6.957457561693886,6.387742791372957,7.267688978312534,6.593901750510325,6.910795708211336,7.358606366256411,7.6701584895657495,7.72182305561283,7.150375289361893,7.110349660010893,6.606830194462323
JU2565,8.04507015705126,6.908800583758833,8.680708800382748,7.011163545039628,6.533437983873089,7.449676949685314,6.82844864597787,6.9691062739940595,7.928400546318017,8.553450231369604,8.195523087792665,7.343947796221688,7.6701733339423255,7.0492751927729405
JU2566,7.7713378988190325,6.727909764286963,8.337399336146941,6.850596592639127,6.086012053434386,7.303141849650921,6.599879252098068,6.967713621726437,7.483204447499961,8.249446514066246,7.890182030026963,7.16535270176215,7.393592295637902,6.836126684959859
JU2570,8.216863966464002,6.857280352379249,8.738290773872235,7.2028027410602125,6.531404223009768,7.441161625308548,6.7693084043901575,6.938334062419715,7.974675651471406,8.426740044388888,8.31783988422368,7.326456559632223,7.8094728430617275,7.2028860060465405
JU2572,8.174213001411053,7.088576509365917,8.738250505208832,7.1430999724289865,6.544484416429004,7.386192923762894,6.734454172685836,7.241532904260723,7.896278138801175,8.403988775706283,8.26749810216869,7.36938130948401,7.633196279200552,7.013757097561116
JU2575,8.047745819713768,6.740487955643868,8.734682255699175,7.02858971053525,6.608532083159976,7.548114936677064,6.624464199193684,7.089772421534612,7.927363327927953,8.53969164580357,8.26127085292522,7.365226616855619,7.795886848638633,7.08111109961603
JU2576,8.36955474135441,6.993949972207023,8.896721858543032,7.1602880185083,6.680572849309475,7.634639712240513,6.94904873597505,7.081971786083427,8.213787400162234,8.470733903361987,8.41245278431152,7.399271528038276,7.785054215971236,7.062985691807883
JU2578,8.146058904295023,6.90243827306787,8.541266894659342,6.926795673077323,6.402516601831728,7.390031542652522,6.717156351227995,6.959504312890458,7.966890031726294,8.174899939019888,8.084060789034838,7.246276053941072,7.54859191425995,6.860295088302039
JU2581,8.320895055167963,7.023163519546117,8.88433129013997,7.142744190365296,6.585148718110143,7.300301702114015,6.9776852339258495,6.957343511433206,7.859317360082806,8.509570247594098,8.196841588353115,7.539021832298045,7.680156761204301,7.066546330386531
JU2586,8.050225050644517,6.87905635044527,8.569321471603498,7.007713046063981,6.598647014230223,7.276604522640218,6.773128298544242,6.998615172483771,7.8691572972884565,8.182896784978643,8.135325333794672,7.3034301591393,7.514413052593892,6.862306172318819
JU2592,8.31301214968299,6.764354533969309,8.79546493321491,7.147504451783248,6.600869721461875,7.346689868254998,6.781984429657204,6.987412741947135,7.801853157133017,8.492744404791221,8.261721591228072,7.342896881705166,7.856165577904091,7.2271849110339375
JU2600,8.094394346447407,6.806714836501806,8.700257403566296,6.982982131019434,6.532325688429025,7.447665784805812,6.818439256934443,6.98170602896594,8.07457008098691,8.522706421155927,8.184187039608096,7.379865439208055,7.715008243502828,7.116728467231946
JU2610,8.06822731003345,6.754173950051652,8.749545934419936,7.173490668411817,6.565468540254328,7.524159285692856,6.775851417729946,6.831282214502567,7.924712743453032,8.557680367038918,8.156239042133167,7.360883675400303,7.831653361143207,7.2267062312899295
JU2619,8.115412780532116,6.929890175754834,8.580765847985914,6.9214731759050965,6.513126224598138,7.396201942401788,6.693329680941458,7.044764355789125,7.826943832215631,8.172226052019116,8.048287323189967,7.134010937922771,7.538051641910934,6.916714908471612
JU2800,7.821792275621397,6.869650966482427,8.56462988626439,6.825892397874532,6.393372621877054,7.612466313921394,6.6912385013341975,7.047164341387288,7.822913752464617,8.19574726763736,7.934145755721661,6.816124373811605,7.565978976554127,6.621414085002103
JU2811,7.586565820285572,6.747316383907075,7.989075391551997,6.84685848420008,6.320741386776382,7.232751238948465,6.585708877307105,6.739163637981443,7.440666827551319,7.60372861587196,7.626190153802352,7.044887606597061,7.104735213421498,6.304624938277579
JU2838,7.580933071132616,6.62650483755476,7.8842580584476645,6.932095080880986,6.449752772206594,7.189653197091498,6.7566171934498955,6.662665463667393,7.456656650677434,7.879618422042116,7.589514936679758,6.962288904637048,7.353613972855,6.835620151171591
JU2841,8.206927386480686,6.92525238867457,8.542001723929404,7.127337682928532,6.649180025542849,7.439415787475496,6.68653473927599,7.048366582471116,7.551793991068084,8.253147214546626,8.205739020103186,7.28871375563967,7.592879598074302,6.8012478147994235
JU2853,8.133304288175779,6.613415524261217,8.537621360394303,6.971434378912107,6.262391463687934,7.319040634233158,6.800036849009092,7.135189348186982,7.5844754279885445,8.247259605532367,8.189294968814917,7.178760922283421,7.73709220070488,6.7943476029475045
JU2862,8.088637919537888,6.821162439755517,8.820076946365601,7.133012991246944,6.574434578895032,7.326903751492581,6.854201982118257,7.004713291676437,7.7918142933510754,8.282725610582876,7.969472710859965,7.183590296084664,7.411592060505124,6.991364931399657
JU2866,8.35442732559658,6.947873757322328,9.031019090182612,7.05188789171585,6.583758380895837,7.395958649415924,6.794305606806637,7.059472594139232,8.22567215176271,8.659000620949074,8.257043533945442,7.503811876380967,7.700419798683788,7.024230075993868
JU2879,8.12760562565909,6.806602053596102,8.683420563663255,7.063915174390223,6.54698809891961,7.483158196074949,6.716268785900305,7.018234113701746,7.970866544043118,8.213141042424928,8.22010437494077,7.332326860655171,7.526162360780985,6.911468578657856
JU2906,7.897559738419742,6.837881876074955,8.489535826508014,6.987463840367753,6.423475995946844,7.575536737022743,6.801074568723336,6.923530298973064,7.913564659777581,8.37623441051097,8.05167754582706,7.420699103519547,7.4338188957208455,6.872966209366326
JU2907,7.662075955967437,6.664151148339823,8.25498488719538,7.030264820185079,6.494602959422591,7.27114927989067,6.587246854346129,6.923561423059706,7.5735392182422405,8.095671397670799,8.065758292483064,7.05050850764241,7.398861013425809,6.755473316544373
JU310,7.781159472761515,6.659249430448474,7.862644999411497,7.033455861924123,6.349060695257187,7.2989391749711094,6.665257766937297,6.907427132099245,7.3729246204539995,7.889428861558407,7.717351939840554,7.054705202155256,7.333874600687831,6.605690819472648
JU311,7.7624758685054935,6.4958075106114554,8.35811323531173,6.929463844628742,6.348632720533651,7.141252239033214,6.640355808322762,6.879717397251393,7.178609866207947,7.964445587578316,7.694470365937356,6.939184166843932,7.602607575327201,6.834642039128958
JU3128,7.768164546810437,6.750287553785656,8.176246957768626,6.905722648295904,6.469223899449444,7.230538388784822,6.605565435501474,6.9934187442989035,7.5195167600030945,7.7951498083409145,7.7951365881129435,7.216386247329731,7.299113823377082,6.729786403142141
JU3132,8.071915388041328,6.72376543295305,8.548572784030174,7.03649921476235,6.546377608665,7.426647803961782,6.666631230470022,7.03840614683018,7.578879860197146,8.075052411886729,8.15100050446679,7.236078276363782,7.752580635203365,6.846240026417803
JU3134,7.842423527640262,6.64128459758045,8.183598208809833,6.846252459001127,6.396814089937514,7.437871507862007,6.671794727864386,7.086083483173541,7.558634064132928,8.063956049812361,7.918283743859272,7.115952531055052,7.318313526133054,6.821667405828192
JU3140,7.927102529182723,6.883902871351912,8.759873479274038,7.1844679896657,6.510276109547164,7.572341283069099,6.867450429707427,6.87315512764618,8.028842409952594,8.680488925566603,8.190086982264681,7.346206458619729,7.622861377108254,7.126809954050502
JU3144,8.087365106890378,6.692413175830459,8.575014446943985,6.985203342665012,6.465879337578781,7.332486167615046,6.9313772392937425,6.961839749551168,7.853185232152933,8.209481331468995,8.199684082479472,7.278001796805627,7.6314461132210845,7.002508182515728
JU323,8.219019221442561,6.644803087930448,8.488004479119445,7.124482294426549,6.721521168885413,7.330430745591776,6.822485472000483,6.957390968184198,7.752751215652708,8.142413002954147,8.129452408596235,7.230990319672643,7.81169113719704,6.871413545417284
JU346,7.639531576735768,6.701113583463202,8.089447829484962,6.942377980529147,6.558051898963704,7.330225971134523,6.71673047721993,6.776680588723787,7.5328837247641305,7.904564529091627,7.733689488770695,7.103077858265779,7.537538045310309,6.747323691937381
JU360,7.647566340495612,6.65819663821948,7.928615426489569,6.788910650586188,7.601469999329941,7.249777904223878,6.607049787171486,6.864351518752157,7.342761560751805,7.791822187467195,7.631177741335438,7.044380338738055,7.623112006996217,6.753154631326811
JU367,7.807106964213673,6.610054076588227,8.304855724142795,6.9330704733198845,6.429984181665023,7.21602480051902,6.6929119954680125,6.851946911286145,7.4216382970997286,8.045117015137974,7.668124356777768,6.852893632735895,7.581377070402264,6.7208213033806885
JU394,7.557265551460917,6.659730685150846,7.906364428489889,6.883917766424737,6.343465175669647,7.018428793129097,6.489392688254874,6.9183532250935516,7.4954018678080345,7.834741071005968,8.326345764003973,6.889160917769967,7.253560116201025,6.717837741008281
JU397,8.05007277905549,6.8917874594799775,8.713183896018428,7.201850430594857,6.480980252858359,7.559849149705821,6.824632613955764,7.0107339037504675,7.8982320902323835,8.591653733996207,8.259861111702648,7.386774096279587,7.628310791806075,7.030233107505518
JU406,7.677145780221067,6.712657744629711,8.046251216974742,6.89700367306396,6.592474978463181,7.262499843076491,6.638616627415216,6.97093217728607,7.224132750355524,8.091768573525268,8.061100501223004,6.9439959899908805,7.534568705194152,6.82022554329043
JU440,7.815189906913879,6.840046322142989,8.059245270806217,6.866807904865128,6.532215422801146,7.308298351159469,6.585348136737648,7.067853931535007,7.547511582658354,7.797597600754623,8.066105065392314,7.138668015098588,7.4886701083452865,6.82241443452906
JU642,8.412493285226843,6.943923931419107,8.879725759812949,7.153613605221809,6.5356948991851995,7.372918401675894,6.859432778954721,6.9721788513914165,8.054932924064252,8.48667190856637,8.290583147597415,7.354801324996957,7.739382020367601,7.008426390804737
JU774,7.995659025549524,6.801386456775205,8.260859655145815,6.984756158283477,6.526843485952101,7.258496775591701,6.678063476845211,7.020763314715,7.598461774394076,7.855856132235094,7.951761662091711,7.138912085103744,7.592959457808625,6.846838819284284
JU775,7.7804895596999835,6.629130800061321,8.09939098539525,6.896081271733864,6.438373311892593,7.228727752493185,6.485441627500844,6.813105454718257,7.408550822993701,7.788607853569544,7.657174998736427,7.097253512557555,7.162622135997112,6.755301086741843
JU778,7.407455124894189,6.648002621826048,7.999735826013286,6.854243871332939,6.274733249146045,7.107937440548084,6.590378899056358,6.7555790892965835,7.1427123594428314,7.577305092467712,7.41913730004127,6.884732534428697,7.045923778807441,6.611048116656557
JU782,7.8783837926577664,6.768748259896233,8.22391743880613,7.016654054436319,6.454163821739015,7.207655740522656,6.592798225367355,6.9262743313392985,7.593280860458,8.04568086022076,7.647880748242812,7.232455586812257,7.235955206685134,6.686764069168352
JU792,7.997687023384237,6.762916286881903,8.526361618515708,7.0844759140231774,6.423109408489705,7.312357307478036,6.725057306617562,6.871852294402412,7.6190056895561975,8.11707370109486,8.117048753669776,7.209095276448705,7.615442653796697,6.911832207783363
JU830,7.936602470390694,6.833548532627982,8.260376745817815,6.908754454005565,6.465784417109934,7.309866243058744,6.709118241407693,6.827953251719767,7.515865168085657,7.984223403160055,7.890247440484975,7.09538989540821,7.400690225430157,6.647441362050944
JU847,7.891062034141111,6.695600104923185,8.286401585178487,6.967515060282615,6.431045943533342,7.2043459472484885,6.621366095382813,6.824282378712996,7.636767160897172,7.987309850071187,7.679824983825629,7.137619832716289,7.428085168448322,6.9095836938325625
KR314,7.647603657213238,6.448695707571793,8.038660555258467,6.841490771068047,6.583359135635312,7.15884593906188,6.601168573468427,6.876147005002429,7.198193095318244,7.719956750254409,7.80887728609451,6.954110868696994,7.282920825754794,6.749723038381296
LKC34,7.5630211243890475,6.897503750023669,7.914204550274165,6.884292691334233,6.56828361937734,7.1456525446980095,6.639531799537024,6.722353268234164,7.296209777659366,7.707605109427323,7.50543841504118,7.115851782666208,7.069635293230743,6.648775089449916
MY1,7.458560209675098,6.531861837808078,7.935868779421881,6.947804713501639,6.380699858165714,7.070432238676649,6.668007138563596,6.800217375256325,7.174877164330595,7.797032656866686,7.445018925144247,6.9307339216211385,7.456311953198296,6.735737818412623
MY10,7.487927178300275,6.609728319943316,7.994632087722806,7.021584541202881,6.129277828826767,7.112893652831426,6.516469148276858,6.882349542742006,7.227976833206694,7.591781536056009,7.541210660727119,6.856220658600144,6.942978475711097,6.7137618517810145
MY16,7.864490084767797,6.739884708207876,8.326146580824037,6.859417666987482,6.418609121056073,7.169109996862252,6.7655061734314685,6.879216324324327,7.514047923923519,7.887211226439791,7.916070329652765,7.223955144253789,7.279134568785893,6.6212160583816875
MY18,7.73290626193507,6.721116109094686,8.081542336781698,6.871754452368844,6.349433898600308,7.2553174749222125,6.565843325721753,6.924359719176681,7.292881430419004,7.838005584348054,7.766790812481595,7.070805508530876,7.236350608065765,6.747980764664661
MY2147,7.712316474043225,6.524862623076655,8.028055092174473,6.749235394266214,6.596452803424445,7.282146111041029,6.5620332239962,6.881866806375167,7.366893771253241,7.7973302003549705,7.69737994038196,7.0273355673990725,7.268542764022558,6.72341490544772
MY2212,8.148919832322385,6.806215153634879,8.515442412634492,7.060198540717878,6.44301961594108,7.313755185660978,6.75446287116392,6.843556523803115,7.885927519019844,8.337368275235145,8.036957089514603,7.384461910332433,7.475651969122753,6.864376806773442
MY23,7.701040642320902,6.509806648443626,8.125172400117373,6.901697258260569,6.581579708964935,7.365384686009299,6.662549688072464,6.758871725469512,7.491286874919685,7.759066124144588,7.875856011833396,7.019226572708626,7.389392696383456,6.6938493859473445
MY2573,8.076560878522843,6.802997139491557,8.627756204703472,7.156591797900399,6.602628088068828,7.567659403608806,6.618676614346802,7.078628814291995,7.930981532884333,8.286224775919594,8.061448916863728,7.368436995887214,7.568075405255701,7.006172363618291
MY2585,7.259055798590823,6.434363576620458,7.821474214845481,6.583955840100155,6.296911160272627,7.07064319476972,6.48011904818581,6.916972522849498,7.174042021139532,7.392886332493592,7.340903763878458,6.8399513657866144,6.922788154253626,6.5685565257596545
MY2713,7.616223680513085,6.724483317197958,8.191535985222284,6.886699208151195,6.34599135989997,7.29170819859206,6.668845088541317,6.887939114764045,7.296630034604967,7.733517247523441,7.797382330233182,6.973805102882785,7.282646792673321,6.649634928495323
MY518,7.734140254123415,6.606793817690883,8.104146956762595,6.819046567390285,6.424993955496663,6.976166797537131,6.554558006845747,6.7398021258216145,7.324552765865531,7.69408667262288,7.590532819419616,7.022794208373063,7.0612577302868145,6.653328740983289
MY772,7.810230556219405,6.755163419291114,8.244984205550416,6.803661948510704,6.579527431480828,7.139380533131188,6.597155635335969,6.839843142195643,7.397699012832799,7.846276564514938,7.6549732109173645,7.162816765221897,7.358104126441412,6.5569900650975494
MY795,7.720360431038869,6.597984406259215,8.17022623901671,6.768697940321999,6.4483619634185345,7.119659505227182,6.4952826247487865,6.8995331286383035,7.360973131889089,7.7669387831962045,7.7669948738820045,7.102314082831784,7.163056794242913,6.847710930907462
MY920,8.13403212009195,6.772326310580797,8.601701233342633,7.029981789097479,6.540842546392021,7.329954536230858,6.763912669266284,6.945024351707836,7.938025036429213,8.271002485084114,7.922941919313677,7.2214096959474805,7.5933073207847865,6.93644632176476
N2,7.569695151741733,6.753630683093554,7.926515362913205,6.77272651108436,6.268758633698737,7.302440557155501,6.56557118990965,6.919653936188875,7.288341963573139,7.862883201353547,7.941159988511165,6.9802940173152095,7.21243298944376,6.64626219907044
NIC1,7.900743195529228,6.884884299083837,8.333026537316382,6.837486196841868,6.551751022386745,7.334711978276544,6.850637408663565,6.914121513060198,7.6866395559633895,7.988755577956941,8.07723856630301,7.468557327693186,7.669341760140062,6.933381373172802
NIC166,7.753484128045381,6.837854462372063,8.105657830203839,6.835987591388321,6.463274136719081,7.288407974389745,6.561141810989623,6.840752793589418,7.61002186396252,7.809540774681362,7.708273836802443,7.06472468644039,7.41323805077241,6.82946073624314
NIC199,7.841399772588562,6.492200974138191,8.129606170696636,6.963617072142704,7.411237449217583,7.2601171856947255,6.6736562200150695,6.7545169385181945,7.441244498995008,7.820587216233836,7.703633496451079,7.025339940992679,7.5100361346002655,6.820272522582501
NIC2,7.742060363502925,6.785729736681429,7.885373961623166,6.96656895329214,6.4644618089644235,7.256121302476999,6.667793000183902,7.072425030908607,7.075592952257035,7.721024697204768,8.130116020175716,7.010415042990818,7.3284766130069805,6.787904102834369
NIC207,7.6587251996070576,6.6512475321668365,8.286940987701078,6.90334477476221,6.3415250158485525,7.337953825311118,6.67596008541112,6.914252598924977,7.33004856233218,7.942132291540312,7.949659417769682,7.003489881222175,7.398969552771738,6.6498832355677395
NIC231,8.179254046610529,6.955777379076298,8.699382522566927,6.915220557745325,6.522232908308288,7.244032246297569,6.773511052562673,7.124822044188907,7.967527876103392,8.399151559910031,8.168214118722288,7.419542537886569,7.729318785212004,7.064472086044003
NIC236,8.131655757788021,6.625926858619709,8.536273596320171,6.999097034592676,6.462508288121648,7.3277253625287235,6.805414222558307,6.9679602095972,7.76976562910513,8.168831582347263,8.045102612498924,7.097845214034316,7.407458317998158,6.858328331978286
NIC242,7.660424176521109,6.592374663155805,8.42424376480951,6.850037289297357,6.414349523883581,7.110537336635935,6.744785126205513,6.84704665861985,7.4240436691639315,7.968567432940811,7.7699197643275015,6.987681140797767,7.46665038780177,6.875009852785345
NIC251,7.523999850427925,6.619960161722304,8.191959986468634,6.882611109933502,6.42674822674445,7.284932659223975,6.551717607904769,6.8389998871847135,7.555820367352752,7.924399443244703,7.716361612527315,7.114395726452739,7.272226954414867,6.666221736498746
NIC252,7.644919075829218,6.83354382981817,7.980815811404225,6.933660314810906,6.460145864075666,7.220647880177302,6.543729602146123,6.732502427001924,7.155998672519449,7.594258487980094,7.666670096741291,6.952536737400301,7.266619240549478,6.581746780233463
NIC255,7.824406469706337,6.6132033963213575,8.488281189508804,7.038977503253876,6.503934802388687,7.343661119498342,6.745095414581591,6.976362712693902,7.566295189612683,7.999126339727714,7.946025947113589,7.172506124786341,7.483352252491767,6.8331925909464015
NIC256,7.605622540855055,6.645928010665593,8.09664625163062,6.962880240764028,6.441620723886352,7.201368309158756,6.689236446848807,6.667217585591758,7.438392056480526,7.741744580249765,7.459855977012205,7.215693276092075,7.2940324173862034,6.706021155875254
NIC258,8.375642049235134,6.860025057091095,9.076001182391758,7.048128772344689,6.699127550809867,7.6738627488099445,7.04053473062795,7.345080188298654,8.497953579156976,8.583201355502762,8.554659474124,7.566631750414948,8.037946807743268,7.377490558802537
NIC259,7.926201278870509,6.608973408748995,8.34765709562449,6.857308525653981,6.331736272446523,7.170619950316442,6.754240868622388,6.872217278325163,7.577628065344891,7.909217389056664,7.785005363289217,7.0710846671008545,7.272091178751286,6.739041030563757
NIC260,7.989637849780323,6.666352786744224,8.484556086316095,6.922815372607952,6.5045472172029974,7.267793972330066,6.788775412877023,7.023708354989831,7.491238714988979,8.047007577095354,7.936745905681343,7.116660395527508,7.676969957105817,6.829633762583825
NIC261,8.187402043709923,6.813244794214338,8.738354064381157,7.0007406331351225,6.686800320476015,7.3625007872685035,6.747151768991619,6.937235566824721,7.862546759981158,8.230723960795153,8.16197141476881,7.302391390116121,7.636307315456089,6.904180530877439
NIC265,7.502886770778287,6.724361899374597,7.968680265533212,6.796270420395654,6.36565128065933,7.217146427947047,6.444645594979049,6.837327822510691,7.328177800685217,7.649755340873274,7.5168765577346734,6.9548075263193825,7.18018250191351,6.589117675364141
NIC266,7.897056818195276,6.606928946991005,8.37680866045817,6.85733562993863,6.56917588507533,7.296645120517771,6.6186640629804,6.923076652854645,7.680668006379057,8.194212645668367,8.066241210906426,7.249515148668469,7.456192827559754,6.8286820167410545
NIC267,8.388007779812284,6.878034967926408,8.832866340510645,7.240370256732423,6.603814261830718,7.411363898733602,6.781533398873166,6.87966700198653,8.013078578044185,8.551162765978685,8.170038751288628,7.325670728741512,7.8182291441701155,6.995047955216777
NIC268,8.177131231215707,6.839924754728504,8.470613686111061,6.96939976488273,6.318496554381827,7.420462558810303,6.879738749945943,7.0676346229224585,7.8923097186846025,8.168433047621274,8.012908919529945,7.305246172864421,7.582433080376264,6.807607920117239
NIC271,7.892884264921512,6.78735687341221,8.320653826442522,7.036948763916978,6.496201387270078,7.261520547321552,6.718645231900576,6.9458954904796615,7.678967264761011,8.051445519251777,7.8023603662789505,7.113047049800575,7.305809356143019,6.929785097959946
NIC274,7.865630671420992,6.616343377443477,8.443851174121003,6.966761797364443,6.575536113440726,7.261483613528995,6.679205949320043,6.875416091304591,7.475436551381516,7.941854213849928,7.779421791327133,7.133316111594153,7.650598809867475,6.901125282234906
NIC275,7.821793260506497,6.70356400259389,8.400076568893894,6.94415776940921,6.46083929213596,7.270048632667761,6.7507975489222485,6.854714967990031,7.578928729294762,7.91669977091892,7.778813487080746,7.124418919405834,7.749767891365717,6.83660935650687
NIC276,7.696312634809399,6.718679403307676,8.114294094601812,6.740491315495374,6.319112546090637,7.2580925481947745,6.663387857265262,7.0531195320711015,7.478536898677013,8.022093082365043,7.749617442538852,7.051936708595231,7.349364032561743,6.828814339623763
NIC277,7.355286832780472,6.554331379350135,8.14729318855927,6.829522253506532,6.542372686399811,7.197915580871104,6.672433311196537,6.779117954476402,7.062245537567268,7.673316493052499,7.582582504608081,6.9000004787670965,7.113226511543431,6.6321711279211515
NIC3,8.06821390739338,6.627794049055684,8.461942336617,7.071700072725904,6.723382599629991,7.30127588840429,6.718318176560163,7.0427146912349965,7.701457126381729,7.826196232964149,8.302052587103066,7.311411471382537,7.437675078760656,6.927279242203889
NIC501,7.923873166648398,6.577604774512417,8.37007927069074,6.932607899117301,6.572181264619894,7.12970424593305,6.816210685992659,6.857666733333296,7.535299412956009,7.9727347561382516,8.022117421504511,7.095935472698904,7.693050120082614,6.804296545790814
NIC511,7.843670464179124,6.820585227730294,8.268903066646812,6.943979345285512,6.514650936875871,7.190598364346307,6.586409160877783,6.859395284267922,7.488467568376237,7.786738038573051,7.931821182141487,7.058804145285658,7.328338298249778,6.861908911690251
NIC513,8.140366423203297,6.587540099401416,8.772845024938569,7.224834609526136,6.776398978598839,7.338524101610853,6.911059538809286,7.0358806361181605,7.70399047146704,8.328932043027448,8.24522786754636,7.0693416810803456,7.882878545837486,7.102382664132614
NIC514,8.08700580225365,6.826162771540199,8.628972961233051,6.9981665588267745,6.5708833945710445,7.390075931839108,6.824810318969489,6.9364309069137535,8.02947447601871,8.249923789941354,8.116231925675603,7.377366548953063,7.55632108743331,6.913596888312955
NIC515,7.642848443270873,6.5789705996839105,7.761727664425512,6.786414546695731,6.346476444212296,7.227847046770859,6.5203050646172365,6.7380260390920865,7.118467535338437,7.44497513284525,7.44863148987726,6.882814311255155,6.978093737928834,6.572735350847509
NIC523,8.23367880227472,7.0287276371497445,8.929717907477528,7.029859644485876,6.435624312020112,7.427825535388569,6.955793764937278,7.063328967342101,8.016256015485691,8.53854637027884,8.118148911160462,7.425144325550307,7.817579186921411,7.068244037492743
NIC526,8.124025976560574,6.876126837544528,8.677946564898654,7.136241674761927,6.447331608772361,7.635518507206148,6.905090911949536,7.156591052195727,8.03262092639332,8.472814669172823,8.148926600563804,7.30214620782092,7.366309695744253,6.94240291871291
NIC527,8.094517947043188,6.995271048864545,8.63351474244223,7.119802928193544,6.517034714633618,7.515350321824902,6.784997915477069,7.053926781691088,7.784020553587066,8.392679366089757,8.136317790173537,7.377692744581811,7.773718740794637,7.07722712912721
NIC528,7.9719399471531895,6.889347574341181,8.33891776018521,7.013727470592881,6.529692158601939,7.444273995106972,6.694025369327597,7.103816168193074,7.814309942762086,7.684425263321096,7.90813600447655,7.1925127620223,7.59488308393111,6.877168296229259
NIC529,8.468474367347184,6.98751875636796,8.92946201024926,7.112963782951276,6.447018440084713,7.30662296106323,6.617178581926983,7.0471663473024915,7.976383226431366,8.535520765544875,8.440991833977373,7.49575149572682,7.727155277166976,7.103958644417792
PB306,7.585632736225812,6.7229317373442,8.451303854344262,6.891284703897712,6.359740445465374,7.19822101125802,6.713269993710894,6.6400282995459285,7.546450293162551,7.928098938038933,7.776207099260758,7.148203327821692,7.254909073025267,6.797765836720948
PS2025,8.09139401292146,6.999933413623915,8.708165272827612,6.965720166462202,6.577939290571079,7.3240685909259735,6.885415269176555,6.8273019393913525,7.802837767566235,8.145011279099739,8.161420502698228,7.3459803967569615,7.5929922749424925,6.768382385433611
PX179,7.725544027896941,6.614108336451329,8.209538771074694,6.778396916870614,6.518141232867943,7.30812780805732,6.6733032152062775,6.831280579201475,7.601557725939166,7.869596305533356,7.991133505249005,7.0919318968969,7.251895206194572,6.703401408309616
QG2075,7.907994785631135,6.6854835595776025,8.501639563090803,6.87096143514175,6.461587226348894,7.439366601065263,6.838576999777736,6.844112944500093,7.5033507880397625,7.909001529013973,8.064623564624092,7.192595932914109,7.319702863158634,6.775503401816148
QG556,8.392855768384885,7.107046868092279,8.854096425763736,7.2444329564234895,6.486216797796623,7.482881596085751,6.98646560822282,7.005764946701289,8.259874917725034,8.610038962520676,8.422481008712802,7.592626326557348,7.707836857841132,7.061941610043593
QW947,7.655406693532237,6.638653912356398,8.038571342551608,6.622110050535301,6.29975930930828,7.308715017216802,6.554525020610863,6.825873652526081,7.309073796842457,7.698122755359448,7.59474305026013,6.996529606232067,7.096681482733487,6.606465066058238
QX1212,7.805730851998903,6.689761679758578,8.198564104348527,6.8023602086224315,6.463322702635474,7.001737202237593,6.592388462378275,6.883511625367783,7.340172774080289,7.918567749175005,7.794126507414248,6.936044979145776,7.20769432755828,6.776657932833466
QX1233,8.079298593297718,7.046190154707984,8.838807028202389,6.8936826582085065,6.501683792767586,7.409540078018445,6.746661556254072,6.780621882452685,7.830446409394614,8.189677039457255,8.04908904277934,7.319267920701137,7.45122409934273,6.974733167755753
QX1791,8.12201366671297,6.816930980215057,8.924362326523891,7.059654623197096,6.311922850779206,7.49752400062369,6.713134880496659,7.0034962769300915,7.806239775081367,8.375995357637454,7.961573583544273,7.2185197684710305,7.541796414002158,6.93877227485189
QX1792,8.619357036580055,6.953181384292687,9.184727467133206,7.213630500593794,6.786130277581774,7.485072630550326,7.042801590520371,7.197887806603971,8.3637673539404,8.652612826572362,8.59007521278712,7.643952611343094,7.921937998943286,7.5179701769838845
QX1793,7.881861945491679,6.864803440823486,8.164868135476967,6.9412978421794,6.537014607799772,7.25631866094751,6.773725416664447,6.798923284974385,7.3030190655828795,7.863281382545511,7.698767726195825,7.06440839690088,7.367151202737676,6.63738097374896
QX1794,7.854656641284561,6.685402783690313,8.182603379714244,6.892576019776098,6.723372799966333,7.001231540962214,6.796766018995525,6.984440406515525,7.367909313107971,7.5984879461223995,7.811930497338814,7.222025039715663,7.680151250175726,6.708784300948867
RC301,8.036516810781603,6.967314283218335,8.55474654286677,7.100481109873687,6.4444420613951285,7.347436753375703,6.721620467170166,6.9098230348609455,7.7985983378331305,8.316526816509459,7.995128204175491,7.385698569379483,7.518192977347193,6.913002374285471
WN2050,7.656913122528989,6.811253431655535,7.975221855029097,6.851985207651533,6.3840536587037064,7.292431269545962,6.644326439028632,6.654588335794529,7.217812019725378,7.737733080756459,7.567228582954628,7.055641232635878,7.188304562914743,6.5748086209340215
XZ1513,7.9243610276646566,6.719430231721095,8.42696226660616,6.975057722510252,6.521948033457298,7.237457968789224,6.774480792460808,6.884757521018758,7.560939160841048,8.026437932801937,7.845617971295249,7.261844006377218,7.360739219185188,6.749934873719022
XZ1515,8.355609969195767,6.820678948735808,8.97719679479041,7.245005612405292,6.688994685967174,7.625272946196609,7.009645625275686,6.987804149686961,8.016625817654257,8.532351492736094,8.4168207298934,7.609573887918052,7.841753599717891,7.104027347721869
XZ1516,7.790717284713501,6.932152299347896,8.639219145029916,6.909661536424997,6.594110112352722,7.275496098805268,6.633042798299358,6.810580262980431,7.712452226545392,8.07682169927495,7.863143004073444,7.213582283133738,7.622207176708188,6.819925392905965
